<?xml version="1.0" encoding="UTF-8"?>
<kcfg xmlns="http://www.kde.org/standards/kcfg/1.0"
      xmlns:xsi="http://www.w3.org/2001/XMLSchema-instance"
      xsi:schemaLocation="http://www.kde.org/standards/kcfg/1.0
      http://www.kde.org/standards/kcfg/1.0/kcfg.xsd" >
  <kcfgfile name=""/>

  <group name="General">
    <entry name="wattageThreshold" type="Double">
      <default>12.0</default>
    </entry>
    <entry name="fontSize" type="Int">
      <default>10</default>
    </entry>
    <entry name="fontBold" type="Bool">
      <default>false</default>
    </entry>
    <entry name="fontFamily" type="String">
      <default></default>
    </entry>
    <entry name="updateInterval" type="Int">
      <default>2000</default>
    </entry>
  </group>
</kcfg>
